Symbol,Sector
AACB,
AACBR,
AACBU,Finance
AACI,Finance
AACIW,Finance
AAL,Consumer Discretionary
AAME,Finance
AAOI,Technology
AAON,Industrials
AAPL,Technology
AARD,Health Care
ABAT,Basic Materials
ABEO,Health Care
ABL,Finance
ABLLL,Finance
ABNB,Consumer Discretionary
ABOS,Health Care
ABP,Health Care
ABPWW,Health Care
ABSI,Health Care
ABTC,Technology
ABVC,Health Care
ACAD,Health Care
ACDC,Energy
ACET,Health Care
ACFN,Consumer Discretionary
ACHC,Health Care
ACHV,Health Care
ACIC,Finance
ACIW,Technology
ACLS,Technology
ACLX,Health Care
ACMR,Technology
ACNB,Finance
ACNT,Industrials
ACON,Health Care
ACONW,Health Care
ACRS,Health Care
ACRV,Health Care
ACT,Finance
ACTG,Miscellaneous
ACTU,Health Care
ACXP,Health Care
ADAM,Technology
ADAMG,Real Estate
ADAMH,Real Estate
ADAMI,Real Estate
ADAML,Real Estate
ADAMM,Real Estate
ADAMN,Real Estate
ADAMZ,Real Estate
ADBE,Technology
ADEA,Technology
ADGM,Health Care
ADI,Technology
ADIL,Health Care
ADMA,Health Care
ADN,Miscellaneous
ADNWW,Miscellaneous
ADP,Industrials
ADPT,Health Care
ADSK,Technology
ADTN,Utilities
ADTX,Health Care
ADUS,Health Care
ADV,Real Estate
ADVM,Health Care
ADVWW,Real Estate
AEHR,Industrials
AEI,Finance
AEIS,Technology
AEMD,Health Care
AENT,Consumer Discretionary
AENTW,Consumer Discretionary
AEP,Utilities
AERT,Consumer Discretionary
AERTW,Consumer Discretionary
AEVA,Consumer Discretionary
AEVAW,Consumer Discretionary
AEYE,Technology
AFBI,Finance
AFCG,Finance
AFJK,
AFJKR,
AFRM,Finance
AGAE,Consumer Discretionary
AGEN,Health Care
AGH,Consumer Discretionary
AGIO,Health Care
AGNC,Real Estate
AGNCL,Real Estate
AGNCM,Real Estate
AGNCN,Real Estate
AGNCO,Real Estate
AGNCP,Real Estate
AGNCZ,
AGYS,Technology
AHCO,Health Care
AIFF,Technology
AIMD,Health Care
AIMDW,Health Care
AIOT,Telecommunications
AIP,Technology
AIRE,Finance
AIRG,Technology
AIRJ,Industrials
AIRJW,Industrials
AIRO,Industrials
AIRS,Health Care
AIRT,Consumer Discretionary
AIRTP,Consumer Discretionary
AISP,Technology
AISPW,Technology
AKAM,Real Estate
AKBA,Health Care
AKRO,Health Care
ALAB,Technology
ALBT,Health Care
ALCO,
ALCY,Finance
ALDF,
ALDFU,Finance
ALDFW,
ALDX,Health Care
ALEC,Health Care
ALF,
ALFUW,Finance
ALGM,Technology
ALGN,Health Care
ALGS,Health Care
ALGT,Consumer Discretionary
ALHC,Health Care
ALKT,Technology
ALLO,Health Care
ALLR,Health Care
ALMS,Health Care
ALMU,Technology
ALNT,Industrials
ALNY,Health Care
ALOT,Technology
ALRM,Technology
ALRS,Finance
ALT,Health Care
ALTI,Finance
ALTO,Industrials
ALTS,Finance
ALXO,Health Care
ALZN,Health Care
AMAL,Finance
AMAT,Technology
AMBA,Technology
AMCX,Telecommunications
AMD,Technology
AMGN,Health Care
AMIX,Health Care
AMKR,Technology
AMLX,Health Care
AMOD,Miscellaneous
AMODW,Miscellaneous
AMPG,Telecommunications
AMPGW,Telecommunications
AMPH,Health Care
AMPL,Technology
AMRK,Industrials
AMRX,Health Care
AMSC,Consumer Discretionary
AMSF,Finance
AMST,Technology
AMTX,Industrials
AMWD,Basic Materials
AMZN,Consumer Discretionary
ANAB,Health Care
ANDE,Industrials
ANEB,Health Care
ANGI,Consumer Discretionary
ANGO,Health Care
ANIK,Health Care
ANIP,Health Care
ANIX,Health Care
ANNA,Energy
ANNAW,Energy
ANNX,Health Care
ANSC,
ANSCU,
ANSCW,
ANTX,Health Care
AOUT,Consumer Discretionary
APA,Energy
APACU,Finance
APDN,Consumer Discretionary
APEI,Real Estate
APGE,Health Care
APLD,Finance
APLS,Health Care
APLT,Health Care
APOG,Consumer Discretionary
APP,Technology
APPF,Technology
APPN,Technology
APPS,Miscellaneous
APRE,Health Care
APVO,Health Care
APYX,Health Care
AQB,Consumer Staples
AQMS,Industrials
AQST,Health Care
ARAI,Consumer Discretionary
ARAY,Health Care
ARCB,Industrials
ARCC,Finance
ARDX,Health Care
AREB,Industrials
AREBW,Industrials
AREC,Energy
ARHS,Consumer Discretionary
ARKO,Consumer Staples
ARKOW,Consumer Staples
ARKR,Consumer Discretionary
ARLP,Energy
AROW,Finance
ARQ,Industrials
ARQT,Health Care
ARRY,Consumer Discretionary
ARTL,Health Care
ARTNA,Utilities
ARTV,Health Care
ARTW,Industrials
ARVN,Health Care
ARWR,Health Care
ASBP,Health Care
ASBPW,Health Care
ASLE,Consumer Discretionary
ASMB,Health Care
ASNS,Telecommunications
ASO,Consumer Discretionary
ASPI,Industrials
ASRT,Health Care
ASRV,Finance
ASST,Technology
ASTC,Industrials
ASTE,Industrials
ASTH,Consumer Discretionary
ASTI,Technology
ASTS,Consumer Discretionary
ASUR,Technology
ASYS,Technology
ATEC,Health Care
ATER,Consumer Discretionary
ATEX,Telecommunications
ATHA,Health Care
ATHR,Technology
ATII,
ATIIU,Finance
ATIIW,Finance
ATLC,Finance
ATLCL,Finance
ATLCP,Finance
ATLCZ,Finance
ATLN,Industrials
ATLO,Finance
ATLX,Industrials
ATMC,Finance
ATMCU,Finance
ATMCW,Finance
ATMV,Finance
ATMVR,Finance
ATNI,Telecommunications
ATOM,Technology
ATOS,Health Care
ATRA,Health Care
ATRC,Health Care
ATRO,Industrials
ATXS,Health Care
ATYR,Health Care
AUBN,Finance
AUGO,
AUID,Technology
AUR,Technology
AURA,Health Care
AUROW,Technology
AUUD,Technology
AUUDW,Technology
AVAH,Health Care
AVAV,Industrials
AVBH,Finance
AVBP,Health Care
AVDX,Technology
AVGO,Technology
AVIR,Health Care
AVNW,Technology
AVO,Consumer Staples
AVPT,Technology
AVR,Health Care
AVT,Technology
AVTX,Health Care
AVXL,Health Care
AWRE,Technology
AXGN,Health Care
AXON,Industrials
AXSM,Health Care
AXTI,Technology
AYTU,Health Care
AZTA,Technology
BACC,
BACCR,
BACCU,Finance
BACQ,
BACQR,Finance
BAER,Real Estate
BAERW,Real Estate
BAFN,Finance
BAND,Technology
BANF,Finance
BANFP,Finance
BANR,Finance
BANX,Finance
BATRA,Consumer Discretionary
BATRK,Consumer Discretionary
BAYA,
BAYAR,
BBCP,Consumer Discretionary
BBGI,Consumer Discretionary
BBIO,Health Care
BBLG,Health Care
BBNX,Health Care
BBOT,Health Care
BBSI,Consumer Discretionary
BCAB,Health Care
BCAL,Finance
BCAR,Finance
BCARU,Finance
BCARW,Finance
BCAX,Health Care
BCBP,Finance
BCDA,Health Care
BCG,Finance
BCGWW,Finance
BCIC,Finance
BCML,Finance
BCPC,Industrials
BCRX,Health Care
BDCIU,Finance
BDSX,Health Care
BDTX,Health Care
BEAG,
BEAGR,
BEAGU,
BEAM,Health Care
BEAT,Health Care
BEATW,Health Care
BEEM,Technology
BEEP,Finance
BELFA,
BELFB,
BENF,Finance
BENFW,Finance
BFC,Finance
BFIN,Finance
BFRG,Health Care
BFRGW,Health Care
BFRI,Health Care
BFST,Finance
BGC,Finance
BGMS,
BHF,Finance
BHFAL,Finance
BHFAM,Finance
BHFAN,Finance
BHFAO,Finance
BHFAP,Finance
BHRB,Finance
BIAF,Health Care
BIAFW,Health Care
BIIB,Health Care
BINI,
BIOA,Health Care
BIRD,Consumer Discretionary
BIVI,Health Care
BIVIW,Health Care
BJDX,Health Care
BJRI,Consumer Discretionary
BKHA,Health Care
BKHAR,Health Care
BKNG,Consumer Discretionary
BKR,Consumer Discretionary
BKYI,Technology
BL,Technology
BLBD,Consumer Discretionary
BLBX,Technology
BLFS,Health Care
BLFY,Finance
BLIN,Technology
BLKB,Technology
BLMN,Consumer Discretionary
BLNE,Finance
BLNK,Consumer Discretionary
BLTE,Health Care
BLUW,
BLUWU,Health Care
BLUWW,
BLZE,Technology
BLZRU,
BMBL,Technology
BMEA,Health Care
BMRA,Health Care
BMRC,Finance
BMRN,Health Care
BNAI,Technology
BNAIW,Technology
BNC,Industrials
BNCWW,
BNGO,Industrials
BNTC,Health Care
BNZI,Technology
BNZIW,Technology
BODI,Consumer Discretionary
BOF,Consumer Staples
BOKF,Finance
BOLD,Health Care
BOLT,Health Care
BOOM,Industrials
BOTJ,Finance
BOXL,Real Estate
BPOP,Finance
BPOPM,Finance
BPRN,Finance
BRCB,Consumer Discretionary
BRFH,Consumer Staples
BRID,Consumer Staples
BRKR,Industrials
BRKRP,Industrials
BRLT,Consumer Discretionary
BRR,Finance
BRRWU,Finance
BRRWW,Finance
BRTX,Health Care
BRY,Energy
BRZE,Technology
BSBK,Finance
BSET,Consumer Discretionary
BSLK,Industrials
BSLKW,Industrials
BSRR,Finance
BSVN,Finance
BSY,Technology
BTAI,Health Care
BTBD,Consumer Discretionary
BTBDW,Consumer Discretionary
BTBT,Finance
BTCS,Finance
BTM,Finance
BTMD,Health Care
BTMWW,Finance
BTOC,Consumer Discretionary
BTOG,Finance
BTSG,Health Care
BTSGU,Health Care
BULL,Finance
BULLW,Finance
BUSE,Finance
BUSEP,Finance
BVFL,Finance
BVS,Health Care
BWB,Finance
BWBBP,Finance
BWEN,Telecommunications
BWFG,Finance
BWIN,Finance
BWMN,Consumer Discretionary
BYFC,Finance
BYND,Consumer Staples
BYRN,Miscellaneous
BYSI,Health Care
BZAI,Finance
BZAIW,Finance
BZFD,Consumer Discretionary
BZFDW,Consumer Discretionary
CABA,Health Care
CAC,Finance
CACC,Finance
CADL,Health Care
CAEP,
CAI,Health Care
CAKE,Consumer Discretionary
CALC,Health Care
CALM,Consumer Staples
CAMP,
CAPN,
CAPNR,Finance
CAPR,Health Care
CAPS,Consumer Discretionary
CAR,Consumer Discretionary
CARE,Finance
CARG,Technology
CARL,Health Care
CARM,Health Care
CART,Real Estate
CARV,Finance
CASH,Finance
CASI,Health Care
CASS,Real Estate
CASY,Consumer Discretionary
CATY,Finance
CBFV,Finance
CBIO,Health Care
CBK,Finance
CBLL,Health Care
CBNK,Finance
CBRL,Consumer Discretionary
CBSH,Finance
CBUS,Industrials
CCAP,Finance
CCB,Finance
CCBG,Finance
CCCC,Health Care
CCCS,Technology
CCCX,Finance
CCCXU,Finance
CCCXW,Finance
CCD,Finance
CCII,
CCIIU,
CCIIW,
CCIX,
CCIXU,
CCIXW,
CCLD,Technology
CCLDO,Technology
CCNE,Finance
CCNEP,Finance
CCOI,Consumer Discretionary
CCRN,Consumer Discretionary
CCSI,Technology
CDIO,Health Care
CDIOW,Health Care
CDLX,Technology
CDNA,Health Care
CDNS,Technology
CDT,Health Care
CDTTW,Health Care
CDTX,Health Care
CDW,Technology
CDXS,Industrials
CDZI,Utilities
CDZIP,Utilities
CECO,Industrials
CEG,Utilities
CELC,Health Care
CELH,Consumer Staples
CELU,Health Care
CELUW,Health Care
CELZ,Finance
CENT,Consumer Discretionary
CENTA,Consumer Discretionary
CENX,Industrials
CEP,Finance
CEPF,Finance
CEPO,Finance
CEPT,Finance
CERO,Health Care
CEROW,Health Care
CERS,Technology
CERT,Technology
CETX,Technology
CETY,Consumer Discretionary
CEVA,Technology
CFBK,Finance
CFFI,Finance
CFFN,Finance
CFLT,Technology
CFSB,Finance
CG,Finance
CGABL,Finance
CGBD,Finance
CGBDL,
CGCT,Finance
CGCTW,Finance
CGEM,Health Care
CGNX,Industrials
CGO,Finance
CGON,Health Care
CGTX,Health Care
CHAC,
CHACR,Finance
CHAR,
CHARR,
CHARU,
CHCI,Finance
CHCO,Finance
CHDN,Consumer Discretionary
CHEF,Consumer Discretionary
CHI,Finance
CHMG,Finance
CHPG,
CHPGR,
CHRD,Energy
CHRS,Health Care
CHRW,Industrials
CHSCL,Industrials
CHSCM,Industrials
CHSCN,Industrials
CHSCO,Industrials
CHSCP,Industrials
CHTR,Telecommunications
CHW,Finance
CHY,Finance
CHYM,Finance
CIFR,Finance
CIFRW,Finance
CINF,Finance
CING,Health Care
CINGW,Health Care
CISO,Consumer Discretionary
CIVB,Finance
CJMB,Real Estate
CLAR,Consumer Discretionary
CLBK,Finance
CLDX,Health Care
CLFD,Utilities
CLIR,Industrials
CLMB,Technology
CLMT,Energy
CLNE,Utilities
CLNN,Health Care
CLNNW,Health Care
CLOV,Health Care
CLPT,Health Care
CLRB,Health Care
CLRO,Utilities
CLSD,Health Care
CLSK,Finance
CLSKW,Finance
CLST,Finance
CLYM,Health Care
CMCO,Industrials
CMCSA,Telecommunications
CMCT,Real Estate
CME,Finance
CMPOW,Finance
CMPX,Health Care
CMRC,Technology
CMTL,Technology
CNDT,Real Estate
CNOB,Finance
CNOBP,Finance
CNSP,Health Care
CNTX,Health Care
CNTY,Consumer Discretionary
CNVS,Consumer Discretionary
CNXC,Technology
CNXN,Consumer Discretionary
COCH,Health Care
COCHW,Health Care
COCO,Consumer Staples
COCP,Health Care
CODA,Industrials
CODX,Health Care
COEP,Health Care
COEPW,Health Care
COFS,Finance
COGT,Health Care
COHU,Industrials
COIN,Finance
COKE,Consumer Staples
COLB,Finance
COLL,Health Care
COLM,Consumer Discretionary
COMM,Technology
COO,Health Care
CORT,Health Care
CORZ,Finance
CORZW,Finance
CORZZ,Finance
COSM,Health Care
COST,Consumer Discretionary
COYA,Health Care
CPB,Consumer Staples
CPBI,Finance
CPHC,Consumer Discretionary
CPIX,Health Care
CPRT,Consumer Discretionary
CPRX,Health Care
CPSH,Consumer Discretionary
CPSS,Finance
CPZ,Finance
CRAI,Consumer Discretionary
CRAQ,Finance
CRAQR,Finance
CRAQU,Finance
CRBP,Health Care
CRBU,Health Care
CRCT,Technology
CRDF,Health Care
CRDO,Technology
CREX,Technology
CRIS,Health Care
CRMD,Health Care
CRMT,Consumer Discretionary
CRNC,Technology
CRNX,Health Care
CROX,Consumer Discretionary
CRSR,Technology
CRUS,Technology
CRVL,Finance
CRVO,Health Care
CRVS,Health Care
CRWD,Technology
CRWS,Consumer Discretionary
CRWV,Technology
CSAI,Technology
CSBR,Health Care
CSCO,Telecommunications
CSGP,Real Estate
CSGS,Technology
CSPI,Technology
CSQ,Finance
CSTL,Health Care
CSWC,Consumer Discretionary
CSWCZ,Finance
CSX,Industrials
CTAS,Industrials
CTBI,Finance
CTKB,Industrials
CTLP,Miscellaneous
CTMX,Health Care
CTNM,Health Care
CTNT,Consumer Discretionary
CTOR,Health Care
CTRN,Consumer Discretionary
CTSH,Technology
CTSO,Health Care
CTXR,Health Care
CUB,Industrials
CUBWW,
CUE,Health Care
CURI,Consumer Discretionary
CURIW,Consumer Discretionary
CURX,Health Care
CV,Health Care
CVBF,Finance
CVCO,Consumer Discretionary
CVGI,Consumer Discretionary
CVGW,Consumer Discretionary
CVKD,Health Care
CVLT,Technology
CVRX,Health Care
CVV,Technology
CWBC,Finance
CWD,Finance
CWST,Utilities
CXAI,Technology
CXAIW,Technology
CXDO,Telecommunications
CYCN,Health Care
CYCU,Technology
CYCUW,Technology
CYN,Technology
CYRX,Health Care
CYTK,Health Care
CZFS,Finance
CZNC,Finance
CZR,Consumer Discretionary
CZWI,Finance
DAAQ,
DAAQU,Finance
DAAQW,
DAIC,Technology
DAICW,Technology
DAIO,Industrials
DAKT,Consumer Discretionary
DARE,Health Care
DASH,Technology
DAVE,Finance
DAVEW,Finance
DAWN,Health Care
DBGI,Consumer Discretionary
DBX,Technology
DCGO,Health Care
DCOM,Finance
DCOMG,Finance
DCOMP,Finance
DCTH,Health Care
DDOG,Technology
DENN,Consumer Discretionary
DERM,Health Care
DFDV,Finance
DFLI,Miscellaneous
DFLIW,Miscellaneous
DGICA,Finance
DGICB,Finance
DGII,Telecommunications
DGLY,Technology
DH,Technology
DHAI,Health Care
DHAIW,Health Care
DHC,Real Estate
DHCNI,Real Estate
DHCNL,Real Estate
DHIL,Finance
DIBS,Consumer Discretionary
DIOD,Technology
DJCO,Consumer Discretionary
DJT,Technology
DJTWW,Technology
DKNG,Consumer Discretionary
DLHC,Consumer Discretionary
DLPN,Consumer Discretionary
DLTH,Consumer Discretionary
DLTR,Consumer Discretionary
DMAA,
DMAAR,Finance
DMAAU,
DMAC,Health Care
DMIIU,
DMLP,Energy
DMRC,Technology
DNLI,Health Care
DNTH,Health Care
DNUT,Consumer Staples
DOCU,Technology
DOMH,Health Care
DOMO,Technology
DORM,Consumer Discretionary
DPZ,Consumer Discretionary
DRCT,Consumer Discretionary
DRDB,
DRDBW,
DRMA,Health Care
DRMAW,Health Care
DRVN,Consumer Discretionary
DSGN,Health Care
DSGR,Consumer Discretionary
DSP,Technology
DTI,Consumer Discretionary
DTIL,Health Care
DTSQ,
DTSQR,
DTST,Technology
DTSTW,Technology
DUOL,Technology
DUOT,Technology
DVAX,Health Care
DVLT,Technology
DWSN,Energy
DWTX,Health Care
DXCM,Health Care
DXLG,Consumer Discretionary
DXPE,Industrials
DXR,Health Care
DYAI,Health Care
DYN,Health Care
EA,Consumer Discretionary
EBAY,Real Estate
EBC,Finance
EBMT,Finance
ECBK,Finance
ECDA,Industrials
ECDAW,Industrials
ECOR,Health Care
ECPG,Finance
EDBL,Consumer Staples
EDBLW,Consumer Staples
EDIT,Health Care
EDSA,Health Care
EDUC,Consumer Discretionary
EEFT,Finance
EEIQ,Real Estate
EFOI,Consumer Discretionary
EFSC,Finance
EFSCP,Finance
EFSI,Finance
EGAN,Technology
EGBN,Finance
EHTH,Finance
EKSO,Industrials
ELAB,Health Care
ELDN,Health Care
ELSE,Industrials
ELTX,Health Care
ELUT,Health Care
ELVN,Health Care
EMBC,Health Care
EMISU,
EML,Consumer Discretionary
EMPD,
ENPH,Technology
ENSC,Health Care
ENSG,Health Care
ENTA,Health Care
ENTG,Industrials
ENTO,Health Care
ENVB,Health Care
ENVX,Miscellaneous
EOLS,Health Care
EOSE,Miscellaneous
EOSEW,Miscellaneous
EPSN,Energy
EQ,Health Care
EQIX,Real Estate
ERAS,Health Care
ERIE,Finance
ERII,Technology
ERNA,Health Care
ESCA,Consumer Discretionary
ESHAR,Finance
ESLA,Health Care
ESLAW,Health Care
ESOA,Industrials
ESPR,Health Care
ESQ,Finance
ETHM,
ETHMU,
ETHMW,
ETHZ,Health Care
ETHZW,Health Care
ETNB,Health Care
ETON,Health Care
ETS,Industrials
ETSY,Real Estate
EU,Basic Materials
EURK,
EURKR,
EVCM,Technology
EVER,Technology
EVGO,Technology
EVGOW,Technology
EVLV,Technology
EVLVW,Technology
EVOK,Health Care
EVRG,Utilities
EVTV,Consumer Discretionary
EWBC,Finance
EWCZ,Consumer Discretionary
EWTX,Health Care
EXAS,Health Care
EXC,Utilities
EXE,Energy
EXEEL,Energy
EXEEW,Energy
EXEL,Health Care
EXFY,Technology
EXLS,Real Estate
EXOZ,Health Care
EXPE,Consumer Discretionary
EXPI,Finance
EXPO,Consumer Discretionary
EXTR,Telecommunications
EYE,Health Care
EYPT,Industrials
EZPW,Consumer Discretionary
FA,Technology
FACT,
FACTU,Finance
FANG,Energy
FARM,Consumer Staples
FAST,Consumer Discretionary
FAT,Consumer Discretionary
FATBB,Consumer Discretionary
FATBP,Consumer Discretionary
FATE,Health Care
FATN,Technology
FBIO,Health Care
FBIOP,Health Care
FBIZ,Finance
FBLA,Finance
FBLG,Health Care
FBNC,Finance
FBRX,Health Care
FBYD,Consumer Discretionary
FBYDW,Consumer Discretionary
FCAP,Finance
FCBC,Finance
FCCO,Finance
FCEL,Energy
FCFS,Consumer Discretionary
FCNCA,Finance
FCNCO,Finance
FCNCP,Finance
FCUV,Industrials
FDBC,Finance
FDMT,Health Care
FDSB,Finance
FDUS,Finance
FEAM,Industrials
FEIM,Industrials
FELE,Consumer Discretionary
FEMY,Health Care
FENC,Health Care
FFAI,Industrials
FFAIW,Industrials
FFBC,Finance
FFIC,Finance
FFIN,Finance
FFIV,Telecommunications
FGBI,Finance
FGBIP,Finance
FGEN,Health Care
FGI,Industrials
FGIWW,Industrials
FGMC,
FGMCR,
FGMCU,
FGNX,Finance
FGNXP,Finance
FHB,Finance
FHTX,Health Care
FIBK,Finance
FIEE,Utilities
FIGX,
FIGXU,Finance
FINW,Finance
FIP,Energy
FISI,Finance
FITB,Finance
FITBI,Finance
FITBO,Finance
FITBP,Finance
FIVE,Consumer Discretionary
FIVN,Technology
FIZZ,Consumer Staples
FKWL,Utilities
FLD,Finance
FLDDW,Finance
FLGT,Health Care
FLL,Consumer Discretionary
FLNC,Miscellaneous
FLNT,Consumer Discretionary
FLUX,Miscellaneous
FLWS,Consumer Discretionary
FLXS,Consumer Discretionary
FLY,Industrials
FLYE,Industrials
FLYW,Real Estate
FMAO,Finance
FMBH,Finance
FMNB,Finance
FNGR,Technology
FNKO,Consumer Discretionary
FNLC,Finance
FNWB,Finance
FNWD,Finance
FOLD,Health Care
FONR,Health Care
FORA,Technology
FORD,Industrials
FORL,Finance
FORLU,Finance
FORLW,Finance
FORM,Technology
FORR,Industrials
FOSL,Consumer Discretionary
FOSLL,Consumer Discretionary
FOX,Industrials
FOXA,Industrials
FOXF,Consumer Discretionary
FOXX,Telecommunications
FOXXW,Telecommunications
FPAY,Consumer Discretionary
FRAF,Finance
FRBA,Finance
FRD,Industrials
FRGT,Consumer Discretionary
FRME,Finance
FRMEP,Finance
FRMI,Real Estate
FROG,Technology
FRPH,Finance
FRPT,Consumer Staples
FRSH,Technology
FRST,Finance
FSBC,Finance
FSBW,Finance
FSEA,Finance
FSFG,Finance
FSHP,
FSHPR,
FSLR,Technology
FSTR,Industrials
FSUN,Finance
FTAI,Industrials
FTAIM,Industrials
FTAIN,Industrials
FTCI,Technology
FTDR,Consumer Discretionary
FTEK,Industrials
FTHM,Finance
FTLF,Health Care
FTNT,Technology
FTRE,Health Care
FULC,Health Care
FULT,Finance
FULTP,Finance
FUNC,Finance
FUND,Finance
FUSB,Finance
FVCB,Finance
FWONA,Industrials
FWONK,Industrials
FWRD,Industrials
FWRG,Consumer Discretionary
FXNC,Finance
FYBR,Telecommunications
GABC,Finance
GAIA,Consumer Discretionary
GAIN,Finance
GAINI,Finance
GAINL,Finance
GAINN,Finance
GAINZ,Finance
GALT,Health Care
GAME,Consumer Discretionary
GANX,Health Care
GBDC,Finance
GBFH,Finance
GBIO,Health Care
GCBC,Finance
GCMG,Finance
GCMGW,Finance
GCT,Consumer Discretionary
GCTK,Health Care
GDC,Industrials
GDEN,Consumer Discretionary
GDRX,Technology
GDYN,Technology
GECC,Finance
GECCG,Finance
GECCH,
GECCI,Finance
GECCO,Finance
GEG,Technology
GEGGL,Technology
GEHC,Health Care
GEMI,Finance
GEN,Technology
GENK,Consumer Discretionary
GENVR,Technology
GEOS,Industrials
GERN,Health Care
GEVO,Industrials
GFS,Technology
GH,Health Care
GIFI,Industrials
GIFT,Consumer Discretionary
GIG,Finance
GIGGU,Technology
GIGGW,Finance
GIII,Consumer Discretionary
GILD,Health Care
GIPR,Real Estate
GIPRW,Real Estate
GLAD,Consumer Discretionary
GLADZ,
GLBZ,Finance
GLDD,Industrials
GLIBA,Telecommunications
GLIBK,Telecommunications
GLPI,Real Estate
GLSI,Health Care
GLUE,Health Care
GLXY,Finance
GMGI,Technology
GNLN,Consumer Discretionary
GNLX,Health Care
GNPX,Health Care
GNSS,Consumer Staples
GNTX,Consumer Discretionary
GO,Consumer Staples
GOCO,Finance
GOGO,Consumer Discretionary
GOOD,Real Estate
GOODN,Real Estate
GOODO,Real Estate
GOOG,Technology
GOOGL,Technology
GORV,Consumer Discretionary
GOSS,Health Care
GOVX,Health Care
GPAT,
GPATW,
GPCR,Health Care
GPRE,Industrials
GPRO,Consumer Discretionary
GRAL,Health Care
GREE,Finance
GREEL,Finance
GRI,Health Care
GROW,Finance
GRPN,Consumer Discretionary
GRWG,Consumer Discretionary
GSAT,Consumer Discretionary
GSBC,Finance
GSHD,Finance
GSHR,
GSHRW,Finance
GSIT,Technology
GSRFU,
GSRT,
GSRTR,
GSRTU,
GT,Consumer Discretionary
GTBP,Health Care
GTEN,
GTENU,
GTENW,
GTIM,Consumer Discretionary
GTLB,Technology
GTM,Technology
GUTS,Health Care
GWAV,Industrials
GWRS,Utilities
GXAI,Technology
GYRE,Health Care
GYRO,Real Estate
HAFC,Finance
HAIN,Consumer Staples
HALO,Health Care
HAS,Consumer Discretionary
HBAN,Finance
HBANL,Finance
HBANM,Finance
HBANP,Finance
HBCP,Finance
HBIO,Industrials
HBNC,Finance
HBT,Finance
HCAT,Technology
HCKT,Consumer Discretionary
HCMA,Consumer Discretionary
HCMAU,
HCMAW,Consumer Discretionary
HCSG,Health Care
HCTI,Technology
HCWB,Health Care
HDSN,Consumer Discretionary
HERZ,Finance
HFBL,Finance
HFFG,Consumer Discretionary
HFWA,Finance
HGBL,Real Estate
HHS,Consumer Discretionary
HIFS,Finance
HIND,Health Care
HIT,Finance
HLIT,Technology
HLMN,Consumer Discretionary
HLNE,Finance
HNNA,Finance
HNNAZ,Finance
HNRG,Energy
HNST,Consumer Discretionary
HNVR,Finance
HOFT,Consumer Discretionary
HOLO,Technology
HOLOW,Technology
HOLX,Health Care
HON,Industrials
HOND,
HONDU,Finance
HONDW,Finance
HONE,Finance
HOOD,Finance
HOPE,Finance
HOTH,Health Care
HOUR,Consumer Discretionary
HOVNP,Consumer Discretionary
HOVR,Industrials
HOVRW,Industrials
HOWL,Health Care
HPK,Energy
HQI,Consumer Discretionary
HQY,Real Estate
HRMY,Health Care
HROW,Health Care
HROWL,Health Care
HROWM,Health Care
HRTX,Health Care
HRZN,Finance
HSCS,Health Care
HSCSW,Health Care
HSDT,Health Care
HSIC,Health Care
HSII,Consumer Discretionary
HSPO,Finance
HSPOR,Finance
HSPOW,Finance
HSPT,
HSPTR,Finance
HSPTU,
HST,Real Estate
HSTM,Technology
HTBK,Finance
HTFL,Health Care
HTLD,Industrials
HTO,Utilities
HTZ,Consumer Discretionary
HTZWW,Consumer Discretionary
HUBG,Industrials
HUMA,Health Care
HUMAW,Health Care
HURA,Health Care
HURC,Industrials
HURN,Consumer Discretionary
HUT,Finance
HVII,
HVIIR,
HVIIU,
HVMC,
HVMCU,Finance
HVMCW,
HWBK,Finance
HWC,Finance
HWCPZ,Finance
HWH,Health Care
HWKN,Consumer Discretionary
HYFM,Consumer Discretionary
HYMC,Basic Materials
HYMCL,Basic Materials
HYPD,Health Care
HYPR,Health Care
IAC,Technology
IART,Health Care
IAS,Technology
IBAC,Finance
IBACR,Finance
IBCP,Finance
IBIO,Health Care
IBKR,Finance
IBOC,Finance
IBRX,Health Care
ICCC,Health Care
ICFI,Consumer Discretionary
ICHR,Technology
ICMB,Finance
ICU,Health Care
ICUCW,Health Care
ICUI,Health Care
IDAI,Technology
IDCC,Miscellaneous
IDN,Technology
IDXX,Health Care
IDYA,Health Care
IEP,Consumer Discretionary
IESC,Industrials
IHRT,Consumer Discretionary
III,Consumer Discretionary
IIIV,Real Estate
IKT,Health Care
ILLR,Finance
ILLRW,Finance
ILMN,Health Care
ILPT,Real Estate
IMA,Health Care
IMDX,Health Care
IMG,Consumer Discretionary
IMKTA,Consumer Staples
IMMR,Technology
IMMX,Health Care
IMNM,Health Care
IMNN,Health Care
IMRX,Health Care
IMUX,Health Care
IMVT,Health Care
IMXI,Real Estate
INAB,Health Care
INAC,
INACR,
INACU,
INBK,Finance
INBKZ,Finance
INBS,Health Care
INBX,Health Care
INCY,Health Care
INDB,Finance
INDI,Technology
INDP,Health Care
INGN,Health Care
INHD,Industrials
INKT,Health Care
INMB,Health Care
INNV,Health Care
INO,Health Care
INOD,Technology
INSE,Technology
INSG,Telecommunications
INSM,Health Care
INTA,Technology
INTC,Technology
INTG,Real Estate
INTS,Health Care
INTU,Technology
INTZ,Telecommunications
INV,Finance
INVA,Health Care
INVE,Technology
IONS,Health Care
IOSP,Industrials
IOVA,Health Care
IPAR,Consumer Discretionary
IPCX,
IPCXR,
IPCXU,Finance
IPDN,Technology
IPGP,Technology
IPM,Real Estate
IPOD,Finance
IPODW,Finance
IPSC,Health Care
IPST,Consumer Staples
IPW,Consumer Discretionary
IPWR,Technology
IPX,Basic Materials
IQST,Telecommunications
IRBT,Consumer Discretionary
IRD,Health Care
IRDM,Telecommunications
IRIX,Health Care
IRMD,Health Care
IRON,Health Care
IROQ,Finance
IRTC,Health Care
IRWD,Health Care
ISBA,Finance
ISPC,Health Care
ISPO,Finance
ISPOW,Finance
ISPR,Health Care
ISRG,Health Care
ISRL,Finance
ISRLW,Finance
ISSC,Technology
ISTR,Finance
ITIC,Finance
ITRI,Industrials
IVDA,Technology
IVDAW,Technology
IVF,Health Care
IVP,Consumer Staples
IVVD,Health Care
IZEA,Consumer Discretionary
JACK,Consumer Discretionary
JAGX,Health Care
JAKK,Consumer Discretionary
JAMF,Technology
JANX,Health Care
JBHT,Industrials
JBIO,Health Care
JBLU,Consumer Discretionary
JBSS,Consumer Staples
JCAP,Finance
JCTC,Consumer Discretionary
JFB,Consumer Discretionary
JJSF,Consumer Staples
JKHY,Technology
JMSB,Finance
JOUT,Consumer Discretionary
JRSH,Consumer Discretionary
JSM,Finance
JSPR,Health Care
JSPRW,Health Care
JTAI,Consumer Discretionary
JUNS,Health Care
JVA,Consumer Staples
JYNT,Miscellaneous
KALA,Health Care
KALU,Industrials
KAVL,Consumer Discretionary
KCHV,
KCHVR,Finance
KCHVU,
KDK,Technology
KDKRW,Technology
KDP,Consumer Staples
KE,Technology
KELYA,Consumer Discretionary
KELYB,Consumer Discretionary
KEQU,Industrials
KFFB,Finance
KFII,
KFIIR,
KFIIU,Finance
KGEI,Energy
KHC,Consumer Staples
KIDS,Health Care
KIDZ,Real Estate
KIDZW,Real Estate
KINS,Finance
KITT,Industrials
KITTW,Industrials
KLAC,Technology
KLRS,Health Care
KLTO,Health Care
KLTOW,Health Care
KLTR,Technology
KLXE,Energy
KMB,Consumer Discretionary
KMTS,Health Care
KNSA,Health Care
KOD,Health Care
KOPN,Technology
KOSS,Consumer Staples
KOYN,
KOYNU,
KOYNW,
KPLT,Consumer Discretionary
KPLTW,Consumer Discretionary
KPRX,Health Care
KPTI,Health Care
KRMD,Health Care
KRNY,Finance
KROS,Health Care
KRRO,Health Care
KRT,Industrials
KRUS,Consumer Discretionary
KRYS,Health Care
KSCP,Telecommunications
KTCC,Technology
KTOS,Industrials
KTTA,Health Care
KTTAW,Health Care
KURA,Health Care
KVAC,
KVACW,
KVHI,Technology
KYMR,Health Care
KYTX,Health Care
KZR,Health Care
LAB,Industrials
LAKE,Health Care
LAMR,Real Estate
LAND,Real Estate
LANDM,Real Estate
LANDO,Real Estate
LANDP,Real Estate
LARK,Finance
LASE,Miscellaneous
LASR,Technology
LATAU,
LAUR,Real Estate
LAZR,Consumer Discretionary
LBRDA,Telecommunications
LBRDK,Telecommunications
LBRDP,Telecommunications
LBRX,Health Care
LCCC,Finance
LCCCR,Finance
LCCCU,Finance
LCID,Industrials
LCNB,Finance
LCUT,Consumer Discretionary
LDWY,Consumer Staples
LE,Consumer Discretionary
LECO,Industrials
LEE,Consumer Discretionary
LEGH,Consumer Discretionary
LEGN,Health Care
LENZ,Health Care
LESL,Consumer Discretionary
LFCR,Health Care
LFMD,Health Care
LFMDP,Health Care
LFST,Health Care
LFUS,Energy
LFVN,Health Care
LGIH,Consumer Discretionary
LGN,Consumer Discretionary
LGND,Health Care
LGVN,Health Care
LHAI,Finance
LIDR,Consumer Discretionary
LIDRW,Consumer Discretionary
LIEN,Finance
LIF,Technology
LILA,Telecommunications
LILAK,Telecommunications
LIMN,
LIMNW,
LIN,Basic Materials
LINC,Real Estate
LIND,Consumer Discretionary
LINE,Real Estate
LINK,Technology
LITE,Telecommunications
LITS,Health Care
LIVE,Consumer Discretionary
LIXT,Health Care
LIXTW,Health Care
LKFN,Finance
LKQ,Consumer Discretionary
LLYVA,Industrials
LLYVK,Industrials
LMAT,Health Care
LMB,Consumer Discretionary
LMFA,Finance
LMNR,Consumer Staples
LNAI,Health Care
LNKB,Finance
LNSR,Health Care
LNT,Utilities
LNTH,Health Care
LNW,Technology
LNZA,Industrials
LNZAW,Industrials
LOAN,Real Estate
LOCO,Consumer Discretionary
LOGI,Technology
LOKV,
LOKVW,
LOPE,Real Estate
LOVE,Consumer Discretionary
LPAA,
LPAAU,Finance
LPAAW,Finance
LPBB,
LPBBW,
LPCN,Health Care
LPLA,Finance
LPRO,Finance
LPSN,Technology
LPTH,Technology
LPTX,Health Care
LQDA,Health Care
LQDT,Real Estate
LRCX,Technology
LRHC,Finance
LRMR,Health Care
LSBK,Finance
LSCC,Technology
LSH,
LSTA,Health Care
LSTR,Industrials
LTBR,Consumer Discretionary
LTRN,Health Care
LTRX,Telecommunications
LTRYW,Technology
LUCD,Health Care
LUCY,Health Care
LUCYW,Health Care
LUNG,Health Care
LUNR,Industrials
LVLU,Consumer Discretionary
LVO,Consumer Discretionary
LWAC,
LWACU,Finance
LWACW,Finance
LWAY,Consumer Staples
LWLG,Industrials
LXEO,Health Care
LXRX,Health Care
LYEL,Health Care
LYFT,Real Estate
LYRA,Health Care
LYTS,Consumer Discretionary
LZ,Technology
MACI,
MACIW,Finance
MAMA,Consumer Staples
MAMO,Consumer Discretionary
MANH,Technology
MAPS,Technology
MAPSW,Technology
MAR,Consumer Discretionary
MARA,Technology
MARPS,Energy
MASI,Health Care
MASS,Industrials
MAT,Consumer Discretionary
MATW,Telecommunications
MAYA,
MAYAR,Finance
MAYS,Real Estate
MAZE,Health Care
MBAV,
MBAVU,Finance
MBAVW,Finance
MBBC,Finance
MBCN,Finance
MBIN,Finance
MBINL,Finance
MBINM,Finance
MBINN,Finance
MBIO,Health Care
MBNKO,Finance
MBRX,Health Care
MBUU,Industrials
MBVIU,Finance
MBWM,Finance
MBX,Health Care
MCBS,Finance
MCFT,Industrials
MCGA,Utilities
MCGAU,Finance
MCGAW,
MCHB,Finance
MCHP,Technology
MCHPP,Technology
MCHX,Consumer Discretionary
MCRB,Health Care
MCRI,Consumer Discretionary
MCW,Consumer Discretionary
MDAI,Health Care
MDAIW,Health Care
MDB,Technology
MDBH,Finance
MDGL,Health Care
MDIA,Consumer Discretionary
MDLZ,Consumer Staples
MDRR,Real Estate
MDXG,Health Care
MEDP,Health Care
MESA,Consumer Discretionary
META,Technology
METC,Energy
METCB,Energy
METCI,
METCZ,Energy
MFIC,Finance
MFICL,Finance
MFIN,Finance
MGEE,Energy
MGNI,Technology
MGNX,Health Care
MGPI,Consumer Staples
MGRC,Consumer Discretionary
MGRM,Health Care
MGRX,Health Care
MGTX,Health Care
MGX,Health Care
MGYR,Finance
MIDD,Industrials
MIND,Industrials
MIRA,Health Care
MIRM,Health Care
MITK,Technology
MKLY,
MKLYR,
MKLYU,Finance
MKSI,Industrials
MKTW,Technology
MKTX,Finance
MKZR,Real Estate
MLAB,Industrials
MLAC,Industrials
MLACR,
MLACU,
MLCI,Finance
MLGO,Technology
MLKN,Consumer Discretionary
MLTX,Health Care
MLYS,Health Care
MMLP,Energy
MMSI,Health Care
MNKD,Health Care
MNMD,Health Care
MNOV,Health Care
MNPR,Health Care
MNRO,Consumer Discretionary
MNSB,Finance
MNSBP,Finance
MNST,Consumer Staples
MNTK,Utilities
MNTS,Industrials
MNTSW,Industrials
MOBX,Technology
MOBXW,Technology
MODD,Health Care
MOFG,Finance
MORN,Finance
MOVE,Health Care
MPAA,Consumer Discretionary
MPB,Finance
MPWR,Technology
MQ,Technology
MRAM,Technology
MRBK,Finance
MRCC,Finance
MRCY,Technology
MRKR,Health Care
MRNA,Health Care
MRSN,Health Care
MRTN,Industrials
MRVI,Health Care
MRVL,Technology
MSAI,Technology
MSAIW,Technology
MSBI,Finance
MSBIP,Finance
MSEX,Utilities
MSFT,Technology
MSGM,Technology
MSPR,Technology
MSPRW,Technology
MSS,Consumer Staples
MSTR,Technology
MTCH,Technology
MTEX,Health Care
MTRX,Consumer Discretionary
MTSI,Technology
MTSR,Health Care
MTVA,Health Care
MU,Technology
MVBF,Finance
MVIS,Technology
MVST,Miscellaneous
MVSTW,Miscellaneous
MWYN,Consumer Discretionary
MXCT,Health Care
MXL,Technology
MYFW,Finance
MYGN,Health Care
MYPS,Technology
MYPSW,Technology
MYRG,Industrials
MYSE,Telecommunications
MYSEW,Telecommunications
MZTI,Consumer Staples
NAGE,Health Care
NAII,Health Care
NAKA,Health Care
NAOV,Health Care
NATH,Consumer Discretionary
NATR,Health Care
NAUT,Industrials
NAVI,Finance
NB,Basic Materials
NBBK,Finance
NBIX,Health Care
NBN,Finance
NBTB,Finance
NCMI,Consumer Discretionary
NCNO,Technology
NCPL,Finance
NCPLW,Finance
NCSM,Energy
NDAQ,Finance
NDLS,Consumer Discretionary
NDRA,Health Care
NDSN,Industrials
NECB,Finance
NEO,Health Care
NEOG,Health Care
NEOV,Miscellaneous
NEOVW,Miscellaneous
NEPH,Health Care
NERV,Health Care
NESR,Energy
NETD,
NETDW,
NEUP,Health Care
NEWT,Finance
NEWTG,Finance
NEWTH,Finance
NEWTI,Finance
NEWTP,Finance
NEWTZ,Finance
NEXT,Utilities
NFBK,Finance
NFE,Utilities
NFLX,Consumer Discretionary
NHIC,
NHICU,Finance
NHICW,
NHPAP,Real Estate
NHPBP,Real Estate
NHTC,Consumer Discretionary
NIOBW,Basic Materials
NIXX,Technology
NIXXW,Technology
NKSH,Finance
NKTR,Health Care
NKTX,Health Care
NMFC,Finance
NMFCZ,
NMIH,Finance
NMP,Finance
NMPAR,Finance
NMPAU,Finance
NMRA,Health Care
NMRK,Finance
NMTC,Health Care
NN,Industrials
NNAVW,Industrials
NNBR,Industrials
NNE,Utilities
NODK,Finance
NOEM,
NOEMR,
NOEMW,
NOTV,Health Care
NOVT,Miscellaneous
NPAC,
NPACU,Finance
NPACW,
NPCE,Health Care
NRC,Health Care
NRDS,Technology
NRIM,Finance
NRIX,Health Care
NRXP,Health Care
NRXPW,Health Care
NSIT,Consumer Discretionary
NSSC,Telecommunications
NSTS,Finance
NSYS,Technology
NTAP,Technology
NTCT,Technology
NTGR,Utilities
NTHI,Health Care
NTIC,Industrials
NTLA,Health Care
NTNX,Technology
NTRA,Health Care
NTRB,Health Care
NTRBW,Health Care
NTRP,Consumer Discretionary
NTRS,Finance
NTRSO,Finance
NTSK,Technology
NTWK,Technology
NTWO,
NTWOW,
NUAI,Energy
NUAIW,Energy
NUKK,Consumer Discretionary
NUKKW,Consumer Discretionary
NUTX,Real Estate
NUVL,Health Care
NUWE,Health Care
NVAX,Health Care
NVCT,Health Care
NVDA,Technology
NVEC,Technology
NVFY,Consumer Discretionary
NVNO,Health Care
NVTS,Technology
NVVE,Industrials
NVVEW,Industrials
NWBI,Finance
NWE,Utilities
NWFL,Finance
NWL,Industrials
NWPX,Industrials
NWS,Consumer Discretionary
NWSA,Consumer Discretionary
NWTG,Consumer Discretionary
NXGL,Health Care
NXGLW,Health Care
NXL,Health Care
NXPL,Telecommunications
NXPLW,Telecommunications
NXST,Industrials
NXT,Industrials
NXTC,Health Care
NXXT,Consumer Discretionary
OABI,Health Care
OACC,Finance
OACCU,Finance
OBIO,Health Care
OBLG,Technology
OBT,Finance
OCC,Industrials
OCCI,Finance
OCCIM,
OCCIN,Finance
OCCIO,Finance
OCFC,Finance
OCGN,Health Care
OCSL,Finance
OCUL,Health Care
ODFL,Industrials
ODP,Consumer Discretionary
OESX,Consumer Discretionary
OFLX,Industrials
OFS,Finance
OFSSO,
OKTA,Technology
OKUR,Health Care
OLB,Real Estate
OLED,Technology
OLLI,Consumer Discretionary
OLMA,Health Care
OLPX,Consumer Discretionary
OM,Health Care
OMCC,Finance
OMCL,Technology
OMDA,Health Care
OMER,Health Care
OMEX,Consumer Discretionary
ON,Technology
ONB,Finance
ONBPO,Finance
ONBPP,Finance
ONCH,
ONCHU,
ONCHW,Finance
ONCO,Health Care
ONDS,Technology
ONEW,Consumer Discretionary
ONFO,Technology
ONFOW,Technology
OPAL,Utilities
OPBK,Finance
OPCH,Health Care
OPEN,Finance
OPI,Finance
OPINL,Finance
OPK,Health Care
OPRT,Finance
OPRX,Real Estate
OPTX,Technology
OPTXW,Technology
OPXS,Technology
ORBS,
ORGN,Industrials
ORGNW,Industrials
ORGO,Health Care
ORIC,Health Care
ORKA,Health Care
ORLY,Consumer Discretionary
ORRF,Finance
OS,Technology
OSBC,Finance
OSIS,Technology
OSPN,Technology
OSRH,Health Care
OSRHW,Health Care
OSS,Technology
OSUR,Health Care
OTGAU,Finance
OTLK,Health Care
OTTR,Utilities
OUST,Industrials
OUSTZ,Industrials
OVBC,Finance
OVID,Health Care
OVLY,Finance
OXLC,Finance
OXLCG,Finance
OXLCI,
OXLCL,Finance
OXLCN,Finance
OXLCO,Finance
OXLCP,Finance
OXLCZ,Finance
OXSQ,Finance
OXSQG,Consumer Discretionary
OXSQH,Finance
OYSE,Finance
OYSER,
OYSEU,
OZK,Finance
OZKAP,Finance
PAA,Energy
PACB,Industrials
PACH,
PACHU,
PACHW,
PAGP,Energy
PAHC,Health Care
PAL,Consumer Discretionary
PALI,Health Care
PAMT,Industrials
PANL,Consumer Discretionary
PANW,Technology
PASG,Health Care
PATK,Consumer Discretionary
PAVM,Health Care
PAYO,Real Estate
PAYS,Technology
PAYX,Industrials
PBBK,Finance
PBFS,Finance
PBHC,Finance
PBPB,Consumer Discretionary
PBYI,Health Care
PCAP,Finance
PCAPU,
PCAPW,Finance
PCAR,Consumer Discretionary
PCB,Finance
PCH,Real Estate
PCRX,Health Care
PCSA,Health Care
PCT,Industrials
PCTTW,Industrials
PCTY,Technology
PCVX,Health Care
PCYO,Utilities
PDEX,Health Care
PDFS,Technology
PDLB,Finance
PDSB,Health Care
PDYN,Technology
PDYNW,Technology
PEBK,Finance
PEBO,Finance
PECO,Real Estate
PEGA,Technology
PELI,Finance
PELIR,Finance
PELIU,Finance
PENG,Technology
PENN,Consumer Discretionary
PEP,Consumer Staples
PEPG,Health Care
PESI,Industrials
PETS,Consumer Staples
PFBC,Finance
PFG,Finance
PFIS,Finance
PFSA,Health Care
PFX,Finance
PFXNZ,Finance
PGAC,
PGACR,
PGC,Finance
PGEN,Health Care
PGNY,Health Care
PGY,Finance
PGYWW,Finance
PHAT,Health Care
PHIO,Health Care
PHLT,Consumer Discretionary
PI,Technology
PIII,Health Care
PIIIW,Health Care
PINC,Consumer Discretionary
PKBK,Finance
PKOH,Industrials
PLAB,Technology
PLAY,Consumer Discretionary
PLBC,Finance
PLBY,Consumer Discretionary
PLCE,Consumer Discretionary
PLMK,
PLMKW,
PLMR,Finance
PLPC,Industrials
PLRX,Health Care
PLSE,Health Care
PLTR,Technology
PLUG,Energy
PLUS,Technology
PLXS,Technology
PMCB,Health Care
PMTR,Finance
PMTRW,Finance
PMTS,Consumer Discretionary
PMVP,Health Care
PNBK,Finance
PNFP,Finance
PNFPP,Finance
PNRG,Energy
PNTG,Health Care
POAI,Health Care
POCI,Health Care
PODC,Technology
PODD,Health Care
POLA,Miscellaneous
POLE,
POLEU,
POLEW,
POOL,Consumer Discretionary
POWI,Technology
POWL,Energy
POWW,Industrials
POWWP,Industrials
PPC,Consumer Staples
PPIH,Industrials
PPSI,Industrials
PRAA,Finance
PRAX,Health Care
PRCH,Technology
PRCT,Health Care
PRDO,Real Estate
PRGS,Technology
PRHI,Finance
PRHIZ,Finance
PRLD,Health Care
PRME,Health Care
PROK,Health Care
PROP,Finance
PROV,Finance
PRPH,Health Care
PRPL,Consumer Discretionary
PRPO,Industrials
PRSO,Technology
PRTA,Health Care
PRTC,Health Care
PRTH,Real Estate
PRTS,Consumer Discretionary
PRVA,Health Care
PSEC,Finance
PSIX,Industrials
PSKY,Industrials
PSMT,Consumer Discretionary
PSNL,Health Care
PSTV,Health Care
PTC,Technology
PTCT,Health Care
PTEN,Energy
PTGX,Health Care
PTIX,Health Care
PTIXW,Health Care
PTLO,Consumer Discretionary
PTON,Consumer Discretionary
PTRN,Consumer Discretionary
PUBM,Technology
PULM,Health Care
PVBC,Finance
PVLA,Health Care
PWP,Finance
PXLW,Technology
PYPL,Industrials
PYXS,Health Care
PZZA,Consumer Discretionary
QCLS,Health Care
QCOM,Technology
QCRH,Finance
QDEL,Health Care
QETAR,Finance
QIPT,Health Care
QLGN,Health Care
QLYS,Technology
QMCO,Technology
QNCX,Health Care
QNST,Real Estate
QQQX,Finance
QRHC,Utilities
QRVO,Technology
QSEA,Finance
QSI,Industrials
QSIAW,Industrials
QTRX,Industrials
QTTB,Health Care
QUBT,Technology
QUIK,Technology
QUMS,
QUMSR,
QUMSU,
QVCGA,Consumer Discretionary
QVCGP,Consumer Discretionary
RAAQ,
RAAQU,Finance
RAAQW,
RAIL,Industrials
RAIN,Technology
RAINW,Technology
RAND,Finance
RANG,
RANGR,
RANI,Health Care
RAPP,Health Care
RAPT,Health Care
RARE,Health Care
RAVE,Consumer Discretionary
RBB,Finance
RBBN,Technology
RBCAA,Finance
RBKB,Finance
RCAT,Technology
RCEL,Health Care
RCKT,Health Care
RCKTW,Health Care
RCKY,Consumer Discretionary
RCMT,Consumer Discretionary
RDAG,Finance
RDAGU,Finance
RDAGW,Finance
RDI,Consumer Discretionary
RDIB,Consumer Discretionary
RDNT,Health Care
RDNW,Technology
RDVT,Technology
RDZN,Finance
RDZNW,Finance
REAL,Consumer Discretionary
REBN,Consumer Discretionary
REFI,Real Estate
REFR,Miscellaneous
REG,Real Estate
REGCO,Real Estate
REGCP,Real Estate
REGN,Health Care
REKR,Telecommunications
RELI,Finance
RELIW,Finance
RELL,Technology
RELY,Real Estate
RENT,Consumer Discretionary
REPL,Health Care
REVB,Health Care
REVBW,Health Care
REYN,Consumer Discretionary
RFIL,Technology
RGCO,Utilities
RGEN,Health Care
RGLD,Industrials
RGNX,Health Care
RGP,Real Estate
RGS,Consumer Discretionary
RGTI,Technology
RGTIW,Technology
RICK,Consumer Discretionary
RIGL,Health Care
RILY,Finance
RILYG,Finance
RILYK,Finance
RILYL,Finance
RILYN,Finance
RILYP,Finance
RILYT,Finance
RILYZ,Finance
RIME,Consumer Staples
RIOT,Finance
RIVN,Industrials
RKDA,Consumer Staples
RKLB,Industrials
RLAY,Health Care
RLMD,Health Care
RLYB,Health Care
RMBI,Finance
RMBS,Technology
RMCF,Consumer Staples
RMCO,Miscellaneous
RMCOW,Miscellaneous
RMNI,Real Estate
RMR,Consumer Discretionary
RMSG,Technology
RMSGW,Technology
RMTI,Health Care
RNA,Health Care
RNAC,Health Care
RNAZ,Health Care
RNGTU,
RNTX,Health Care
RNXT,Health Care
ROAD,Industrials
ROCK,Industrials
ROKU,Telecommunications
ROOT,Finance
ROP,Technology
ROST,Consumer Discretionary
RPAY,Real Estate
RPD,Technology
RPID,Industrials
RPRX,Health Care
RR,Industrials
RRBI,Consumer Discretionary
RRGB,Consumer Discretionary
RRR,Consumer Discretionary
RSSS,Technology
RSVR,Consumer Discretionary
RSVRW,Consumer Discretionary
RTAC,Finance
RTACU,Finance
RTACW,Finance
RUM,Technology
RUMBW,Technology
RUN,Miscellaneous
RUSHA,Consumer Discretionary
RUSHB,Consumer Discretionary
RVMD,Health Care
RVMDW,Health Care
RVPH,Health Care
RVPHW,Health Care
RVSB,Finance
RVYL,Consumer Discretionary
RWAY,Finance
RWAYL,Finance
RWAYZ,Finance
RXRX,Health Care
RXST,Health Care
RXT,Technology
RYM,Consumer Staples
RYTM,Health Care
RZLT,Health Care
SABR,Technology
SABS,Health Care
SABSW,Health Care
SAFT,Finance
SAFX,Industrials
SAIA,Industrials
SAIC,Technology
SAIL,Technology
SAMG,Finance
SANA,Health Care
SANM,Technology
SATS,Consumer Discretionary
SAVA,Health Care
SBAC,Real Estate
SBC,Health Care
SBCF,Finance
SBCWW,Health Care
SBFG,Finance
SBGI,Industrials
SBLX,Consumer Discretionary
SBRA,Real Estate
SBUX,Consumer Discretionary
SCHL,Consumer Discretionary
SCKT,Technology
SCLX,Health Care
SCLXW,Health Care
SCNX,Health Care
SCOR,Real Estate
SCPH,Health Care
SCSC,Technology
SCVL,Consumer Discretionary
SCWO,Consumer Discretionary
SCYX,Health Care
SDGR,Health Care
SDHI,Finance
SDHIR,
SDOT,Consumer Discretionary
SDST,Industrials
SDSTW,Industrials
SEAT,Consumer Discretionary
SEATW,Consumer Discretionary
SEER,Industrials
SEGG,Technology
SEIC,Finance
SELF,Real Estate
SENEA,Consumer Staples
SENEB,Consumer Staples
SEPN,Health Care
SERA,Health Care
SERV,Consumer Discretionary
SEVN,Real Estate
SEZL,Real Estate
SFBC,Finance
SFD,Consumer Staples
SFIX,Consumer Discretionary
SFM,Consumer Staples
SFNC,Finance
SFST,Finance
SGA,Consumer Discretionary
SGBX,Consumer Discretionary
SGC,Consumer Discretionary
SGD,Finance
SGHT,Health Care
SGLY,Industrials
SGMO,Health Care
SGMT,Health Care
SGRP,Real Estate
SGRY,Health Care
SHBI,Finance
SHC,Health Care
SHEN,Telecommunications
SHFS,Finance
SHFSW,Finance
SHIM,Industrials
SHLS,Technology
SHOO,Consumer Discretionary
SHOT,Consumer Discretionary
SHOTW,Consumer Discretionary
SHPH,Health Care
SIBN,Health Care
SIDU,Telecommunications
SIEB,Finance
SIGA,Health Care
SIGI,Finance
SIGIP,Finance
SILO,Consumer Discretionary
SIMA,Miscellaneous
SIMAW,Finance
SINT,Health Care
SION,Health Care
SIRI,Consumer Discretionary
SITM,Technology
SKIN,Health Care
SKWD,Finance
SKYE,Health Care
SKYQ,Industrials
SKYT,Technology
SKYW,Consumer Discretionary
SKYX,Consumer Discretionary
SLAB,Technology
SLDB,Health Care
SLDE,Finance
SLDP,Miscellaneous
SLDPW,Miscellaneous
SLE,Consumer Discretionary
SLM,Finance
SLMBP,Finance
SLNG,Utilities
SLNH,Technology
SLNHP,Technology
SLNO,Health Care
SLP,Technology
SLRC,Finance
SLRX,Health Care
SLS,Health Care
SLSN,Consumer Discretionary
SMBC,Finance
SMCI,Technology
SMID,Industrials
SMLR,Health Care
SMMT,Health Care
SMSI,Technology
SMTC,Technology
SMTI,Health Care
SMXT,Consumer Discretionary
SNAL,Technology
SNBR,Consumer Discretionary
SNCR,Technology
SNCY,Consumer Discretionary
SND,Industrials
SNDK,Technology
SNDX,Health Care
SNES,Industrials
SNEX,Finance
SNFCA,Finance
SNGX,Health Care
SNOA,Health Care
SNPS,Technology
SNSE,Health Care
SNTI,Health Care
SNWV,Health Care
SNYR,Health Care
SOBR,Consumer Discretionary
SOCA,
SOCAU,Finance
SOCAW,
SOFI,Finance
SOHO,Real Estate
SOHOB,Real Estate
SOHON,Real Estate
SOHOO,Real Estate
SOND,Consumer Discretionary
SONDW,Consumer Discretionary
SONM,Utilities
SONN,Health Care
SONO,Consumer Staples
SOPA,Real Estate
SOTK,Technology
SOUN,Technology
SOUNW,Technology
SOWG,Consumer Staples
SPAI,Health Care
SPEG,
SPEGR,
SPEGU,
SPFI,Finance
SPKL,
SPKLW,
SPOK,Telecommunications
SPRB,Health Care
SPRO,Health Care
SPRY,Health Care
SPSC,Technology
SPT,Technology
SPWH,Consumer Discretionary
SPWR,Technology
SPWRW,Technology
SQFT,Real Estate
SQFTP,Real Estate
SQFTW,Real Estate
SRBK,Finance
SRCE,Finance
SRDX,Health Care
SRPT,Health Care
SRRK,Health Care
SRTA,Consumer Discretionary
SRTAW,Consumer Discretionary
SRTS,Health Care
SRZN,Health Care
SRZNW,Health Care
SSBI,Finance
SSEA,
SSEAR,
SSEAU,Finance
SSKN,Health Care
SSNC,Technology
SSP,Industrials
SSSS,Finance
SSSSL,Finance
SSTI,Technology
SSYS,Technology
STAA,Health Care
STAI,Industrials
STBA,Finance
STEP,Finance
STEX,Health Care
STHO,Real Estate
STI,Miscellaneous
STIM,Health Care
STKS,Consumer Discretionary
STLD,Industrials
STOK,Health Care
STRA,Real Estate
STRC,Technology
STRD,Technology
STRF,Technology
STRK,Technology
STRL,Industrials
STRO,Health Care
STRR,Consumer Discretionary
STRRP,
STRS,Real Estate
STRT,Consumer Discretionary
STRZ,Consumer Discretionary
STSS,Health Care
STSSW,Finance
STTK,Health Care
SUIG,Finance
SUNE,Utilities
SUNS,Real Estate
SUPN,Health Care
SURG,Consumer Discretionary
SVAC,Finance
SVACU,Finance
SVACW,Finance
SVC,Real Estate
SVCC,
SVCCU,Finance
SVCCW,Finance
SVCO,Technology
SVII,Basic Materials
SVIIR,Basic Materials
SVIIW,Basic Materials
SVRA,Health Care
SWAG,Consumer Discretionary
SWAGW,Consumer Discretionary
SWBI,Industrials
SWIM,Industrials
SWKH,Finance
SWKHL,
SWKS,Technology
SXTP,Health Care
SXTPW,Health Care
SYBT,Finance
SYBX,Health Care
SYM,Industrials
SYNA,Technology
SYPR,Industrials
SYRE,Health Care
SZZL,Finance
SZZLR,Finance
SZZLU,Finance
TACH,
TACHU,Finance
TACHW,
TACO,Finance
TACOU,Finance
TACOW,Finance
TACT,Technology
TAIT,Technology
TALK,Health Care
TALKW,Health Care
TAOX,Health Care
TARA,Health Care
TARS,Health Care
TASK,Technology
TAVI,Finance
TAVIR,Finance
TAYD,Industrials
TBBK,Finance
TBCH,Telecommunications
TBH,Consumer Discretionary
TBHC,Consumer Discretionary
TBLD,Finance
TBMC,Finance
TBMCR,Finance
TBRG,Technology
TCBI,Finance
TCBIO,Finance
TCBK,Finance
TCBS,Finance
TCBX,Finance
TCMD,Health Care
TCPC,Finance
TCRT,Health Care
TCRX,Health Care
TDAC,
TDUP,Consumer Discretionary
TEAD,Technology
TECH,Health Care
TECTP,Finance
TECX,Health Care
TELA,Health Care
TELO,Health Care
TEM,Technology
TENB,Technology
TENX,Health Care
TER,Industrials
TERN,Health Care
TFSL,Finance
TGL,Real Estate
TGTX,Health Care
TH,Consumer Discretionary
THAR,Health Care
THFF,Finance
THRM,Consumer Discretionary
THRY,Consumer Discretionary
TIL,Health Care
TILE,Consumer Discretionary
TIPT,Finance
TITN,Consumer Discretionary
TIVC,Health Care
TKNO,Health Care
TLF,Consumer Discretionary
TLN,Utilities
TLNCU,Finance
TLPH,Health Care
TLRY,Health Care
TLS,Technology
TLSI,Health Care
TLSIW,Health Care
TMCI,Health Care
TMDX,Health Care
TMUS,Telecommunications
TMUSI,Telecommunications
TMUSL,Telecommunications
TMUSZ,Telecommunications
TNDM,Health Care
TNGX,Health Care
TNON,Health Care
TNONW,Health Care
TNXP,Health Care
TNYA,Health Care
TOI,Health Care
TOIIW,Health Care
TOMZ,Industrials
TONX,Consumer Discretionary
TOWN,Finance
TPCS,Industrials
TPG,Finance
TPGXL,
TPST,Health Care
TRAW,Health Care
TRDA,Health Care
TREE,Finance
TRI,Consumer Discretionary
TRIN,Finance
TRINI,Finance
TRINZ,Finance
TRIP,Technology
TRMB,Industrials
TRMK,Finance
TRML,Health Care
TRNR,Technology
TRNS,Industrials
TRON,Consumer Discretionary
TROW,Finance
TRS,Industrials
TRST,Finance
TRUE,Technology
TRUG,Consumer Discretionary
TRUP,Health Care
TRVI,Health Care
TSBK,Finance
TSCO,Consumer Discretionary
TSHA,Health Care
TSLA,Industrials
TSSI,Consumer Discretionary
TTAN,Technology
TTD,Technology
TTEC,Consumer Discretionary
TTEK,Consumer Discretionary
TTGT,Telecommunications
TTMI,Technology
TTSH,Consumer Discretionary
TTWO,Consumer Discretionary
TUSK,Energy
TVA,
TVACW,
TVAI,
TVAIR,
TVGN,Health Care
TVGNW,Health Care
TVRD,Health Care
TVTX,Health Care
TW,Finance
TWFG,Finance
TWIN,Industrials
TWNP,Consumer Discretionary
TWST,Health Care
TXG,Industrials
TXMD,Health Care
TXN,Technology
TXRH,Consumer Discretionary
TYGO,Technology
TYRA,Health Care
TZOO,Consumer Discretionary
TZUP,Technology
UAL,Consumer Discretionary
UBCP,Finance
UBFO,Finance
UBSI,Finance
UCTT,Technology
UDMY,Real Estate
UEIC,Consumer Staples
UFCS,Finance
UFPI,Basic Materials
UFPT,Health Care
UG,Consumer Discretionary
UGRO,Consumer Discretionary
UHG,Consumer Discretionary
UHGWW,Consumer Discretionary
UK,Real Estate
UKOMW,Real Estate
ULBI,Miscellaneous
ULCC,Consumer Discretionary
ULH,Industrials
ULTA,Consumer Discretionary
ULY,Technology
UMBF,Finance
UMBFO,Finance
UNB,Finance
UNCY,Health Care
UNIT,Real Estate
UNTY,Finance
UONE,Consumer Discretionary
UONEK,Consumer Discretionary
UPB,Health Care
UPBD,Consumer Discretionary
UPLD,Technology
UPST,Finance
UPWK,Technology
UPXI,Health Care
URBN,Consumer Discretionary
USAR,Basic Materials
USARW,Basic Materials
USAU,Basic Materials
USCB,Finance
USEG,Energy
USGO,Basic Materials
USGOW,Basic Materials
USIO,Finance
USLM,Industrials
UTHR,Health Care
UTMD,Health Care
UVSP,Finance
UYSC,Finance
UYSCR,Finance
VABK,Finance
VACH,
VACHW,Finance
VALU,Finance
VANI,Health Care
VBTX,Finance
VC,Consumer Discretionary
VCEL,Health Care
VCIC,
VCICU,Finance
VCICW,Finance
VCTR,Finance
VCYT,Health Care
VECO,Technology
VEEA,Finance
VEEAW,Finance
VEEE,Industrials
VELO,Technology
VERA,Health Care
VERI,Technology
VERO,Health Care
VERU,Health Care
VERX,Technology
VGAS,Industrials
VGASW,Industrials
VHC,Miscellaneous
VIASP,Utilities
VIAV,Technology
VICR,Technology
VIR,Health Care
VIRC,Consumer Discretionary
VITL,Consumer Staples
VIVK,Utilities
VIVS,Health Care
VKTX,Health Care
VLGEA,Consumer Staples
VLY,Finance
VLYPN,Finance
VLYPO,Finance
VLYPP,Finance
VMD,Health Care
VMEO,Technology
VNDA,Health Care
VNME,Finance
VNMEU,Finance
VNMEW,Finance
VNOM,Energy
VOR,Health Care
VRA,Consumer Discretionary
VRAR,Technology
VRCA,Health Care
VRDN,Health Care
VREX,Technology
VRM,Consumer Discretionary
VRME,Technology
VRNS,Technology
VRNT,Technology
VRRM,Consumer Discretionary
VRSK,Industrials
VRSN,Technology
VRTX,Health Care
VSAT,Technology
VSEC,Consumer Discretionary
VSEE,Health Care
VSEEW,Health Care
VSTD,Consumer Discretionary
VSTM,Health Care
VTGN,Health Care
VTRS,Health Care
VTSI,Consumer Discretionary
VTVT,Health Care
VTYX,Health Care
VUZI,Technology
VVOS,Health Care
VWAV,Technology
VWAVW,Technology
VYGR,Health Care
VYNE,Health Care
WABC,Finance
WAFD,Finance
WAFDP,Finance
WALD,Consumer Discretionary
WALDW,Consumer Discretionary
WASH,Finance
WATT,Technology
WAY,Technology
WBD,Consumer Discretionary
WBTN,Consumer Discretionary
WDAY,Technology
WDC,Technology
WDFC,Industrials
WEN,Consumer Discretionary
WENN,
WENNU,Finance
WENNW,Finance
WERN,Industrials
WEST,Consumer Staples
WEYS,Consumer Staples
WFCF,Technology
WFRD,Consumer Discretionary
WGRX,Health Care
WGS,Technology
WGSWW,Technology
WHF,Finance
WHFCL,
WHLR,Real Estate
WHLRD,Real Estate
WHLRL,Real Estate
WHLRP,Real Estate
WHWK,Health Care
WINA,Consumer Discretionary
WING,Consumer Discretionary
WKHS,Industrials
WLAC,
WLACU,Finance
WLACW,
WLDN,Consumer Discretionary
WLFC,Consumer Discretionary
WMG,Consumer Discretionary
WNEB,Finance
WOOF,Consumer Discretionary
WORX,Consumer Discretionary
WRAP,Industrials
WRLD,Finance
WSBC,Finance
WSBCP,Finance
WSBF,Finance
WSBK,
WSC,Industrials
WSFS,Finance
WTBA,Finance
WTFC,Finance
WTFCN,Finance
WULF,Technology
WVVI,Consumer Staples
WVVIP,Consumer Staples
WW,Consumer Discretionary
WWD,Energy
WYFI,Finance
WYNN,Consumer Discretionary
XAIR,Health Care
XBIO,Health Care
XBIT,Health Care
XBP,Real Estate
XBPEW,Real Estate
XCUR,Health Care
XEL,Utilities
XELB,Miscellaneous
XERS,Health Care
XFOR,Health Care
XGN,Health Care
XHLD,Real Estate
XLO,Health Care
XMTR,Real Estate
XNCR,Health Care
XOMA,Health Care
XOMAO,Health Care
XOMAP,Health Care
XOS,Consumer Discretionary
XOSWW,Consumer Discretionary
XPEL,Industrials
XPON,Miscellaneous
XRAY,Health Care
XRX,Technology
XTIA,Technology
XWEL,Consumer Discretionary
XXII,Health Care
YDES,Health Care
YDESW,Health Care
YHC,Consumer Staples
YHGJ,Industrials
YORW,Utilities
YYAI,Consumer Discretionary
Z,Real Estate
ZBAI,Consumer Discretionary
ZBIO,Health Care
ZBRA,Industrials
ZD,Telecommunications
ZEO,Miscellaneous
ZEOWW,Miscellaneous
ZEUS,Industrials
ZG,Real Estate
ZIMV,Health Care
ZION,Finance
ZIONP,Finance
ZM,Technology
ZNB,Consumer Discretionary
ZNTL,Health Care
ZS,Technology
ZSPC,Technology
ZUMZ,Consumer Discretionary
ZVRA,Health Care
ZYME,Health Care
ZYXI,Health Care
